table_name|cols
accessibility_defaultaccessibility|id:bigint, created_at:timestamp with time zone, is_active:boolean, feature:character varying, filter:jsonb, exclude_all:boolean, is_enabled:boolean, created_by_id:integer, modified_by_id:integer
accessibility_defaultaccessibility_employees|id:bigint, defaultaccessibility_id:bigint, employee_id:bigint
asset_asset|id:bigint, created_at:timestamp with time zone, is_active:boolean, asset_name:character varying, asset_description:text, asset_tracking_id:character varying, asset_purchase_date:date, asset_purchase_cost:numeric, asset_status:character varying, expiry_date:date, notify_before:integer, asset_category_id_id:bigint, asset_lot_number_id_id:bigint, created_by_id:integer, modified_by_id:integer, owner_id:bigint
asset_assetassignment|id:bigint, created_at:timestamp with time zone, is_active:boolean, assigned_date:date, return_date:date, return_condition:text, return_status:character varying, return_request:boolean, asset_id_id:bigint, assigned_by_employee_id_id:bigint, assigned_to_employee_id_id:bigint, created_by_id:integer, modified_by_id:integer
asset_assetassignment_assign_images|id:bigint, assetassignment_id:bigint, returnimages_id:bigint
asset_assetassignment_return_images|id:bigint, assetassignment_id:bigint, returnimages_id:bigint
asset_assetcategory|id:bigint, created_at:timestamp with time zone, is_active:boolean, asset_category_name:character varying, asset_category_description:text, created_by_id:integer, modified_by_id:integer
asset_assetcategory_company_id|id:bigint, assetcategory_id:bigint, company_id:bigint
asset_assetdocuments|id:bigint, created_at:timestamp with time zone, is_active:boolean, file:character varying, asset_report_id:bigint, created_by_id:integer, modified_by_id:integer
asset_assetlot|id:bigint, created_at:timestamp with time zone, is_active:boolean, lot_number:character varying, lot_description:text, created_by_id:integer, modified_by_id:integer
asset_assetlot_company_id|id:bigint, assetlot_id:bigint, company_id:bigint
asset_assetreport|id:bigint, created_at:timestamp with time zone, is_active:boolean, title:character varying, asset_id_id:bigint, created_by_id:integer, modified_by_id:integer
asset_assetrequest|id:bigint, created_at:timestamp with time zone, is_active:boolean, asset_request_date:date, description:text, asset_request_status:character varying, asset_category_id_id:bigint, created_by_id:integer, modified_by_id:integer, requested_employee_id_id:bigint
asset_returnimages|id:bigint, created_at:timestamp with time zone, is_active:boolean, image:character varying, created_by_id:integer, modified_by_id:integer
attendance_attendance|id:bigint, created_at:timestamp with time zone, is_active:boolean, attendance_date:date, attendance_clock_in_date:date, attendance_clock_in:time without time zone, attendance_clock_out_date:date, attendance_clock_out:time without time zone, attendance_worked_hour:character varying, minimum_hour:character varying, attendance_overtime:character varying, attendance_overtime_approve:boolean, attendance_validated:boolean, at_work_second:integer, overtime_second:integer, approved_overtime_second:integer, is_validate_request:boolean, is_bulk_request:boolean, is_validate_request_approved:boolean, request_description:text, request_type:character varying, is_holiday:boolean, requested_data:jsonb, attendance_day_id:bigint, batch_attendance_id_id:bigint, created_by_id:integer, employee_id_id:bigint, modified_by_id:integer, shift_id_id:bigint, work_type_id_id:bigint
attendance_attendanceactivity|id:bigint, created_at:timestamp with time zone, is_active:boolean, attendance_date:date, in_datetime:timestamp with time zone, clock_in_date:date, clock_in:time without time zone, clock_out_date:date, out_datetime:timestamp with time zone, clock_out:time without time zone, created_by_id:integer, employee_id_id:bigint, modified_by_id:integer, shift_day_id:bigint
attendance_attendancegeneralsetting|id:bigint, created_at:timestamp with time zone, is_active:boolean, time_runner:boolean, enable_check_in:boolean, company_id_id:bigint, created_by_id:integer, modified_by_id:integer
attendance_attendancelatecomeearlyout|id:bigint, is_active:boolean, type:character varying, created_at:timestamp with time zone, attendance_id_id:bigint, created_by_id:integer, employee_id_id:bigint, modified_by_id:integer
attendance_attendanceovertime|id:bigint, created_at:timestamp with time zone, is_active:boolean, month:character varying, month_sequence:smallint, year:character varying, worked_hours:character varying, pending_hours:character varying, overtime:character varying, hour_account_second:integer, hour_pending_second:integer, overtime_second:integer, created_by_id:integer, employee_id_id:bigint, modified_by_id:integer
attendance_attendancerequestcomment|id:bigint, created_at:timestamp with time zone, is_active:boolean, comment:text, created_by_id:integer, employee_id_id:bigint, modified_by_id:integer, request_id_id:bigint
attendance_attendancerequestcomment_files|id:bigint, attendancerequestcomment_id:bigint, attendancerequestfile_id:bigint
attendance_attendancerequestfile|id:bigint, created_at:timestamp with time zone, is_active:boolean, file:character varying, created_by_id:integer, modified_by_id:integer
attendance_attendancevalidationcondition|id:bigint, created_at:timestamp with time zone, is_active:boolean, validation_at_work:character varying, minimum_overtime_to_approve:character varying, overtime_cutoff:character varying, auto_approve_ot:boolean, created_by_id:integer, modified_by_id:integer
attendance_attendancevalidationcondition_company_id|id:bigint, attendancevalidationcondition_id:bigint, company_id:bigint
attendance_batchattendance|id:bigint, created_at:timestamp with time zone, is_active:boolean, title:character varying, created_by_id:integer, modified_by_id:integer
attendance_gracetime|id:bigint, created_at:timestamp with time zone, is_active:boolean, allowed_time:character varying, allowed_time_in_secs:integer, allowed_clock_in:boolean, allowed_clock_out:boolean, is_default:boolean, created_by_id:integer, modified_by_id:integer
attendance_gracetime_company_id|id:bigint, gracetime_id:bigint, company_id:bigint
attendance_historicalattendance|id:bigint, created_at:timestamp with time zone, is_active:boolean, history_title:character varying, history_description:text, history_highlight:boolean, attendance_date:date, attendance_clock_in_date:date, attendance_clock_in:time without time zone, attendance_clock_out_date:date, attendance_clock_out:time without time zone, attendance_worked_hour:character varying, minimum_hour:character varying, attendance_overtime:character varying, attendance_overtime_approve:boolean, attendance_validated:boolean, at_work_second:integer, overtime_second:integer, approved_overtime_second:integer, is_validate_request:boolean, is_bulk_request:boolean, is_validate_request_approved:boolean, request_description:text, request_type:character varying, is_holiday:boolean, requested_data:jsonb, history_id:integer, history_date:timestamp with time zone, history_change_reason:character varying, history_type:character varying, attendance_day_id:bigint, batch_attendance_id_id:bigint, created_by_id:integer, employee_id_id:bigint, history_relation_id:bigint, history_user_id:integer, modified_by_id:integer, shift_id_id:bigint, work_type_id_id:bigint
attendance_historicalattendance_history_tags|id:bigint, historicalattendance_id:integer, audittag_id:bigint
attendance_workrecords|id:bigint, record_name:character varying, work_record_type:character varying, date:date, at_work:character varying, min_hour:character varying, at_work_second:integer, min_hour_second:integer, note:text, message:character varying, is_attendance_record:boolean, is_leave_record:boolean, day_percentage:double precision, last_update:timestamp with time zone, attendance_id_id:bigint, employee_id_id:bigint, leave_request_id_id:bigint, shift_id_id:bigint
auditlog_logentry|id:integer, object_pk:character varying, object_id:bigint, object_repr:text, action:smallint, changes:jsonb, timestamp:timestamp with time zone, actor_id:integer, content_type_id:integer, remote_addr:inet, additional_data:jsonb, serialized_data:jsonb, cid:character varying, changes_text:text, remote_port:integer, actor_email:character varying
auth_group|id:integer, name:character varying
auth_group_permissions|id:bigint, group_id:integer, permission_id:integer
auth_permission|id:integer, name:character varying, content_type_id:integer, codename:character varying
auth_user|id:integer, password:character varying, last_login:timestamp with time zone, is_superuser:boolean, username:character varying, first_name:character varying, last_name:character varying, email:character varying, is_staff:boolean, is_active:boolean, date_joined:timestamp with time zone, is_new_employee:boolean
auth_user_groups|id:bigint, user_id:integer, group_id:integer
auth_user_user_permissions|id:bigint, user_id:integer, permission_id:integer
base_announcement|id:bigint, created_at:timestamp with time zone, is_active:boolean, title:character varying, description:text, expire_date:date, disable_comments:boolean, public_comments:boolean, created_by_id:integer, modified_by_id:integer
base_announcement_attachments|id:bigint, announcement_id:bigint, attachment_id:bigint
base_announcement_company_id|id:bigint, announcement_id:bigint, company_id:bigint
base_announcement_department|id:bigint, announcement_id:bigint, department_id:bigint
base_announcement_employees|id:bigint, announcement_id:bigint, employee_id:bigint
base_announcement_filtered_employees|id:bigint, announcement_id:bigint, employee_id:bigint
base_announcement_job_position|id:bigint, announcement_id:bigint, jobposition_id:bigint
base_announcementcomment|id:bigint, created_at:timestamp with time zone, is_active:boolean, comment:text, announcement_id_id:bigint, created_by_id:integer, employee_id_id:bigint, modified_by_id:integer
base_announcementexpire|id:bigint, days:integer
base_announcementview|id:bigint, viewed:boolean, created_at:timestamp with time zone, announcement_id:bigint, user_id:integer
base_attachment|id:bigint, file:character varying
base_attendanceallowedip|id:bigint, is_enabled:boolean, additional_data:jsonb
base_baserequestfile|id:bigint, file:character varying
base_biometricattendance|id:bigint, is_installed:boolean, company_id_id:bigint
base_company|id:bigint, created_at:timestamp with time zone, is_active:boolean, company:character varying, hq:boolean, address:text, country:character varying, state:character varying, city:character varying, zip:character varying, icon:character varying, date_format:character varying, time_format:character varying, created_by_id:integer, modified_by_id:integer
base_companyleaves|id:bigint, created_at:timestamp with time zone, is_active:boolean, based_on_week:character varying, based_on_week_day:character varying, company_id_id:bigint, created_by_id:integer, modified_by_id:integer
base_dashboardemployeecharts|id:bigint, created_at:timestamp with time zone, is_active:boolean, charts:jsonb, created_by_id:integer, employee_id:bigint, modified_by_id:integer
base_department|id:bigint, created_at:timestamp with time zone, is_active:boolean, department:character varying, created_by_id:integer, modified_by_id:integer
base_department_company_id|id:bigint, department_id:bigint, company_id:bigint
base_driverviewed|id:bigint, viewed:character varying, user_id:integer
base_dynamicemailconfiguration|id:bigint, created_at:timestamp with time zone, is_active:boolean, host:character varying, port:smallint, from_email:character varying, username:character varying, display_name:character varying, password:character varying, use_tls:boolean, use_ssl:boolean, fail_silently:boolean, is_primary:boolean, use_dynamic_display_name:boolean, timeout:smallint, company_id_id:bigint, created_by_id:integer, modified_by_id:integer
base_dynamicpagination|id:bigint, pagination:integer, user_id_id:integer
base_emaillog|id:bigint, subject:character varying, body:text, from_email:character varying, to:character varying, status:character varying, created_at:timestamp with time zone, company_id_id:bigint
base_employeeshift|id:bigint, created_at:timestamp with time zone, is_active:boolean, employee_shift:character varying, weekly_full_time:character varying, full_time:character varying, created_by_id:integer, grace_time_id_id:bigint, modified_by_id:integer
base_employeeshift_company_id|id:bigint, employeeshift_id:bigint, company_id:bigint
base_employeeshiftday|id:bigint, day:character varying
base_employeeshiftday_company_id|id:bigint, employeeshiftday_id:bigint, company_id:bigint
base_employeeshiftschedule|id:bigint, created_at:timestamp with time zone, is_active:boolean, minimum_working_hour:character varying, start_time:time without time zone, end_time:time without time zone, is_night_shift:boolean, is_auto_punch_out_enabled:boolean, auto_punch_out_time:time without time zone, created_by_id:integer, day_id:bigint, modified_by_id:integer, shift_id_id:bigint
base_employeeshiftschedule_company_id|id:bigint, employeeshiftschedule_id:bigint, company_id:bigint
base_employeetype|id:bigint, created_at:timestamp with time zone, is_active:boolean, employee_type:character varying, created_by_id:integer, modified_by_id:integer
base_employeetype_company_id|id:bigint, employeetype_id:bigint, company_id:bigint
base_historicalrotatingshiftassign|id:bigint, created_at:timestamp with time zone, is_active:boolean, history_title:character varying, history_description:text, history_highlight:boolean, start_date:date, next_change_date:date, based_on:character varying, rotate_after_day:integer, rotate_every_weekend:character varying, rotate_every:character varying, additional_data:jsonb, history_id:integer, history_date:timestamp with time zone, history_change_reason:character varying, history_type:character varying, created_by_id:integer, current_shift_id:bigint, employee_id_id:bigint, history_relation_id:bigint, history_user_id:integer, modified_by_id:integer, next_shift_id:bigint, rotating_shift_id_id:bigint
base_historicalrotatingshiftassign_history_tags|id:bigint, historicalrotatingshiftassign_id:integer, audittag_id:bigint
base_historicalrotatingworktypeassign|id:bigint, created_at:timestamp with time zone, is_active:boolean, history_title:character varying, history_description:text, history_highlight:boolean, start_date:date, next_change_date:date, based_on:character varying, rotate_after_day:integer, rotate_every_weekend:character varying, rotate_every:character varying, additional_data:jsonb, history_id:integer, history_date:timestamp with time zone, history_change_reason:character varying, history_type:character varying, created_by_id:integer, current_work_type_id:bigint, employee_id_id:bigint, history_relation_id:bigint, history_user_id:integer, modified_by_id:integer, next_work_type_id:bigint, rotating_work_type_id_id:bigint
base_historicalrotatingworktypeassign_history_tags|id:bigint, historicalrotatingworktypeassign_id:integer, audittag_id:bigint
base_historicalshiftrequest|id:bigint, created_at:timestamp with time zone, is_active:boolean, history_title:character varying, history_description:text, history_highlight:boolean, requested_date:date, reallocate_approved:boolean, reallocate_canceled:boolean, requested_till:date, description:text, is_permanent_shift:boolean, approved:boolean, canceled:boolean, shift_changed:boolean, history_id:integer, history_date:timestamp with time zone, history_change_reason:character varying, history_type:character varying, created_by_id:integer, employee_id_id:bigint, history_relation_id:bigint, history_user_id:integer, modified_by_id:integer, previous_shift_id_id:bigint, reallocate_to_id:bigint, shift_id_id:bigint
base_historicalshiftrequest_history_tags|id:bigint, historicalshiftrequest_id:integer, audittag_id:bigint
base_historicalworktyperequest|id:bigint, created_at:timestamp with time zone, is_active:boolean, history_title:character varying, history_description:text, history_highlight:boolean, requested_date:date, requested_till:date, description:text, is_permanent_work_type:boolean, approved:boolean, canceled:boolean, work_type_changed:boolean, history_id:integer, history_date:timestamp with time zone, history_change_reason:character varying, history_type:character varying, created_by_id:integer, employee_id_id:bigint, history_relation_id:bigint, history_user_id:integer, modified_by_id:integer, previous_work_type_id_id:bigint, work_type_id_id:bigint
base_historicalworktyperequest_history_tags|id:bigint, historicalworktyperequest_id:integer, audittag_id:bigint
base_holidays|id:bigint, created_at:timestamp with time zone, is_active:boolean, name:character varying, start_date:date, end_date:date, recurring:boolean, company_id_id:bigint, created_by_id:integer, modified_by_id:integer
base_horillamailtemplate|id:bigint, created_at:timestamp with time zone, is_active:boolean, title:character varying, body:text, company_id_id:bigint, created_by_id:integer, modified_by_id:integer
base_jobposition|id:bigint, created_at:timestamp with time zone, is_active:boolean, job_position:character varying, created_by_id:integer, department_id_id:bigint, modified_by_id:integer
base_jobposition_company_id|id:bigint, jobposition_id:bigint, company_id:bigint
base_jobrole|id:bigint, created_at:timestamp with time zone, is_active:boolean, job_role:character varying, created_by_id:integer, job_position_id_id:bigint, modified_by_id:integer
base_jobrole_company_id|id:bigint, jobrole_id:bigint, company_id:bigint
base_multipleapprovalcondition|id:bigint, created_at:timestamp with time zone, is_active:boolean, condition_field:character varying, condition_operator:character varying, condition_value:character varying, condition_start_value:character varying, condition_end_value:character varying, company_id_id:bigint, created_by_id:integer, department_id:bigint, modified_by_id:integer
base_multipleapprovalmanagers|id:bigint, sequence:integer, employee_id:integer, reporting_manager:character varying, condition_id_id:bigint
base_notificationsound|id:bigint, sound_enabled:boolean, employee_id:bigint
base_penaltyaccounts|id:bigint, created_at:timestamp with time zone, is_active:boolean, minus_leaves:double precision, deduct_from_carry_forward:boolean, penalty_amount:double precision, created_by_id:integer, employee_id_id:bigint, late_early_id_id:bigint, leave_request_id_id:bigint, leave_type_id_id:bigint, modified_by_id:integer
base_rotatingshift|id:bigint, created_at:timestamp with time zone, is_active:boolean, name:character varying, additional_data:jsonb, created_by_id:integer, modified_by_id:integer, shift1_id:bigint, shift2_id:bigint
base_rotatingshiftassign|id:bigint, created_at:timestamp with time zone, is_active:boolean, start_date:date, next_change_date:date, based_on:character varying, rotate_after_day:integer, rotate_every_weekend:character varying, rotate_every:character varying, additional_data:jsonb, created_by_id:integer, current_shift_id:bigint, employee_id_id:bigint, modified_by_id:integer, next_shift_id:bigint, rotating_shift_id_id:bigint
base_rotatingworktype|id:bigint, created_at:timestamp with time zone, is_active:boolean, name:character varying, additional_data:jsonb, created_by_id:integer, modified_by_id:integer, work_type1_id:bigint, work_type2_id:bigint
base_rotatingworktypeassign|id:bigint, created_at:timestamp with time zone, is_active:boolean, start_date:date, next_change_date:date, based_on:character varying, rotate_after_day:integer, rotate_every_weekend:character varying, rotate_every:character varying, additional_data:jsonb, created_by_id:integer, current_work_type_id:bigint, employee_id_id:bigint, modified_by_id:integer, next_work_type_id:bigint, rotating_work_type_id_id:bigint
base_shiftrequest|id:bigint, created_at:timestamp with time zone, is_active:boolean, requested_date:date, reallocate_approved:boolean, reallocate_canceled:boolean, requested_till:date, description:text, is_permanent_shift:boolean, approved:boolean, canceled:boolean, shift_changed:boolean, created_by_id:integer, employee_id_id:bigint, modified_by_id:integer, previous_shift_id_id:bigint, reallocate_to_id:bigint, shift_id_id:bigint
base_shiftrequestcomment|id:bigint, created_at:timestamp with time zone, is_active:boolean, comment:text, created_by_id:integer, employee_id_id:bigint, modified_by_id:integer, request_id_id:bigint
base_shiftrequestcomment_files|id:bigint, shiftrequestcomment_id:bigint, baserequestfile_id:bigint
base_tags|id:bigint, created_at:timestamp with time zone, is_active:boolean, title:character varying, color:character varying, company_id_id:bigint, created_by_id:integer, modified_by_id:integer
base_tracklatecomeearlyout|id:bigint, created_at:timestamp with time zone, is_active:boolean, is_enable:boolean, created_by_id:integer, modified_by_id:integer
base_worktype|id:bigint, created_at:timestamp with time zone, is_active:boolean, work_type:character varying, created_by_id:integer, modified_by_id:integer
base_worktype_company_id|id:bigint, worktype_id:bigint, company_id:bigint
base_worktyperequest|id:bigint, created_at:timestamp with time zone, is_active:boolean, requested_date:date, requested_till:date, description:text, is_permanent_work_type:boolean, approved:boolean, canceled:boolean, work_type_changed:boolean, created_by_id:integer, employee_id_id:bigint, modified_by_id:integer, previous_work_type_id_id:bigint, work_type_id_id:bigint
base_worktyperequestcomment|id:bigint, created_at:timestamp with time zone, is_active:boolean, comment:text, created_by_id:integer, employee_id_id:bigint, modified_by_id:integer, request_id_id:bigint
base_worktyperequestcomment_files|id:bigint, worktyperequestcomment_id:bigint, baserequestfile_id:bigint
biometric_biometricdevices|created_at:timestamp with time zone, is_active:boolean, id:uuid, name:character varying, machine_type:character varying, machine_ip:character varying, port:integer, zk_password:character varying, bio_username:character varying, bio_password:character varying, anviz_request_id:character varying, api_url:character varying, api_key:character varying, api_secret:character varying, api_token:character varying, api_expires:character varying, is_live:boolean, is_scheduler:boolean, scheduler_duration:character varying, last_fetch_date:date, last_fetch_time:time without time zone, company_id_id:bigint, created_by_id:integer, modified_by_id:integer
biometric_biometricemployees|id:uuid, uid:integer, ref_user_id:integer, user_id:character varying, dahua_card_no:character varying, device_id_id:uuid, employee_id_id:bigint
biometric_cosecattendancearguments|id:uuid, last_fetch_roll_ovr_count:character varying, last_fetch_seq_number:character varying, device_id_id:uuid
django_admin_log|id:integer, action_time:timestamp with time zone, object_id:text, object_repr:character varying, action_flag:smallint, change_message:text, content_type_id:integer, user_id:integer
django_apscheduler_djangojob|id:character varying, next_run_time:timestamp with time zone, job_state:bytea
django_apscheduler_djangojobexecution|id:bigint, status:character varying, run_time:timestamp with time zone, duration:numeric, finished:numeric, exception:character varying, traceback:text, job_id:character varying
django_content_type|id:integer, app_label:character varying, model:character varying
django_migrations|id:bigint, app:character varying, name:character varying, applied:timestamp with time zone
django_session|session_key:character varying, session_data:text, expire_date:timestamp with time zone
employee_actiontype|id:bigint, created_at:timestamp with time zone, is_active:boolean, title:character varying, action_type:character varying, block_option:boolean, created_by_id:integer, modified_by_id:integer
employee_bonuspoint|id:bigint, created_at:timestamp with time zone, is_active:boolean, points:integer, encashment_condition:character varying, redeeming_points:integer, reason:text, created_by_id:integer, employee_id_id:bigint, modified_by_id:integer
employee_disciplinaryaction|id:bigint, created_at:timestamp with time zone, is_active:boolean, description:text, unit_in:character varying, days:integer, hours:character varying, start_date:date, attachment:character varying, action_id:bigint, created_by_id:integer, modified_by_id:integer
employee_disciplinaryaction_employee_id|id:bigint, disciplinaryaction_id:bigint, employee_id:bigint
employee_employee|id:bigint, badge_id:character varying, employee_first_name:character varying, employee_last_name:character varying, employee_profile:character varying, email:character varying, phone:character varying, address:text, country:character varying, state:character varying, city:character varying, zip:character varying, dob:date, gender:character varying, qualification:character varying, experience:integer, marital_status:character varying, children:integer, emergency_contact:character varying, emergency_contact_name:character varying, emergency_contact_relation:character varying, is_active:boolean, additional_info:jsonb, is_from_onboarding:boolean, is_directly_converted:boolean, employee_user_id_id:integer
employee_employeebankdetails|id:bigint, created_at:timestamp with time zone, is_active:boolean, bank_name:character varying, account_number:character varying, branch:character varying, address:text, country:character varying, state:character varying, city:character varying, any_other_code1:character varying, any_other_code2:character varying, additional_info:jsonb, created_by_id:integer, employee_id_id:bigint, modified_by_id:integer
employee_employeegeneralsetting|id:bigint, created_at:timestamp with time zone, is_active:boolean, badge_id_prefix:character varying, company_id_id:bigint, created_by_id:integer, modified_by_id:integer
employee_employeenote|id:bigint, created_at:timestamp with time zone, is_active:boolean, description:text, created_by_id:integer, employee_id_id:bigint, modified_by_id:integer, updated_by_id:bigint
employee_employeenote_note_files|id:bigint, employeenote_id:bigint, notefiles_id:bigint
employee_employeetag|id:bigint, created_at:timestamp with time zone, is_active:boolean, title:character varying, color:character varying, created_by_id:integer, modified_by_id:integer
employee_employeeworkinformation|id:bigint, location:character varying, email:character varying, mobile:character varying, date_joining:date, contract_end_date:date, basic_salary:integer, salary_hour:integer, additional_info:jsonb, experience:double precision, company_id_id:bigint, department_id_id:bigint, employee_id_id:bigint, employee_type_id_id:bigint, job_position_id_id:bigint, job_role_id_id:bigint, reporting_manager_id_id:bigint, shift_id_id:bigint, work_type_id_id:bigint
employee_employeeworkinformation_tags|id:bigint, employeeworkinformation_id:bigint, employeetag_id:bigint
employee_historicalbonuspoint|id:bigint, created_at:timestamp with time zone, is_active:boolean, history_title:character varying, history_description:text, history_highlight:boolean, points:integer, encashment_condition:character varying, redeeming_points:integer, reason:text, history_id:integer, history_date:timestamp with time zone, history_change_reason:character varying, history_type:character varying, created_by_id:integer, employee_id_id:bigint, history_relation_id:bigint, history_user_id:integer, modified_by_id:integer
employee_historicalbonuspoint_history_tags|id:bigint, historicalbonuspoint_id:integer, audittag_id:bigint
employee_historicalemployeeworkinformation|id:bigint, history_title:character varying, history_description:text, history_highlight:boolean, location:character varying, email:character varying, mobile:character varying, date_joining:date, contract_end_date:date, basic_salary:integer, salary_hour:integer, additional_info:jsonb, experience:double precision, history_id:integer, history_date:timestamp with time zone, history_change_reason:character varying, history_type:character varying, company_id_id:bigint, department_id_id:bigint, employee_id_id:bigint, employee_type_id_id:bigint, history_relation_id:bigint, history_user_id:integer, job_position_id_id:bigint, job_role_id_id:bigint, reporting_manager_id_id:bigint, shift_id_id:bigint, work_type_id_id:bigint
employee_historicalemployeeworkinformation_history_tags|id:bigint, historicalemployeeworkinformation_id:integer, audittag_id:bigint
employee_notefiles|id:bigint, created_at:timestamp with time zone, is_active:boolean, files:character varying, created_by_id:integer, modified_by_id:integer
employee_policy|id:bigint, created_at:timestamp with time zone, is_active:boolean, title:character varying, body:text, is_visible_to_all:boolean, created_by_id:integer, modified_by_id:integer
employee_policy_attachments|id:bigint, policy_id:bigint, policymultiplefile_id:bigint
employee_policy_company_id|id:bigint, policy_id:bigint, company_id:bigint
employee_policy_specific_employees|id:bigint, policy_id:bigint, employee_id:bigint
employee_policymultiplefile|id:bigint, created_at:timestamp with time zone, is_active:boolean, attachment:character varying, created_by_id:integer, modified_by_id:integer
employee_profileeditfeature|id:bigint, created_at:timestamp with time zone, is_active:boolean, is_enabled:boolean, created_by_id:integer, modified_by_id:integer
facedetection_employeefacedetection|id:bigint, image:character varying, employee_id_id:bigint
facedetection_facedetection|id:bigint, start:boolean, company_id_id:bigint
geofencing_geofencing|id:bigint, latitude:double precision, longitude:double precision, radius_in_meters:integer, start:boolean, company_id_id:bigint
helpdesk_attachment|id:bigint, created_at:timestamp with time zone, is_active:boolean, file:character varying, description:character varying, format:character varying, comment_id:bigint, created_by_id:integer, modified_by_id:integer, ticket_id:bigint
helpdesk_claimrequest|id:bigint, created_at:timestamp with time zone, is_active:boolean, is_approved:boolean, is_rejected:boolean, created_by_id:integer, employee_id_id:bigint, modified_by_id:integer, ticket_id_id:bigint
helpdesk_comment|id:bigint, created_at:timestamp with time zone, is_active:boolean, comment:text, date:timestamp with time zone, created_by_id:integer, employee_id_id:bigint, modified_by_id:integer, ticket_id:bigint
helpdesk_departmentmanager|id:bigint, created_at:timestamp with time zone, is_active:boolean, company_id_id:bigint, created_by_id:integer, department_id:bigint, manager_id:bigint, modified_by_id:integer
helpdesk_faq|id:bigint, created_at:timestamp with time zone, is_active:boolean, question:character varying, answer:text, category_id:bigint, company_id_id:bigint, created_by_id:integer, modified_by_id:integer
helpdesk_faq_tags|id:bigint, faq_id:bigint, tags_id:bigint
helpdesk_faqcategory|id:bigint, created_at:timestamp with time zone, is_active:boolean, title:character varying, description:text, created_by_id:integer, modified_by_id:integer
helpdesk_historicalticket|id:bigint, created_at:timestamp with time zone, is_active:boolean, history_title:character varying, history_description:text, history_highlight:boolean, title:character varying, description:text, priority:character varying, created_date:date, resolved_date:date, assigning_type:character varying, raised_on:character varying, deadline:date, status:character varying, history_id:integer, history_date:timestamp with time zone, history_change_reason:character varying, history_type:character varying, created_by_id:integer, employee_id_id:bigint, history_relation_id:bigint, history_user_id:integer, modified_by_id:integer, ticket_type_id:bigint
helpdesk_historicalticket_history_tags|id:bigint, historicalticket_id:integer, audittag_id:bigint
helpdesk_ticket|id:bigint, created_at:timestamp with time zone, is_active:boolean, title:character varying, description:text, priority:character varying, created_date:date, resolved_date:date, assigning_type:character varying, raised_on:character varying, deadline:date, status:character varying, created_by_id:integer, employee_id_id:bigint, modified_by_id:integer, ticket_type_id:bigint
helpdesk_ticket_assigned_to|id:bigint, ticket_id:bigint, employee_id:bigint
helpdesk_ticket_tags|id:bigint, ticket_id:bigint, tags_id:bigint
helpdesk_tickettype|id:bigint, created_at:timestamp with time zone, is_active:boolean, title:character varying, type:character varying, prefix:character varying, company_id_id:bigint, created_by_id:integer, modified_by_id:integer
horilla_audit_accountblockunblock|id:bigint, created_at:timestamp with time zone, is_active:boolean, is_enabled:boolean, created_by_id:integer, modified_by_id:integer
horilla_audit_audittag|id:bigint, title:character varying, highlight:boolean
horilla_audit_historytrackingfields|id:bigint, created_at:timestamp with time zone, is_active:boolean, tracking_fields:jsonb, work_info_track:boolean, created_by_id:integer, modified_by_id:integer
horilla_automations_mailautomation|id:bigint, created_at:timestamp with time zone, is_active:boolean, title:character varying, method_title:character varying, model:character varying, mail_to:text, mail_details:character varying, mail_detail_choice:text, trigger:character varying, delivary_channel:character varying, condition_html:text, condition_querystring:text, condition:text, created_by_id:integer, mail_template_id:bigint, modified_by_id:integer
horilla_automations_mailautomation_also_sent_to|id:bigint, mailautomation_id:bigint, employee_id:bigint
horilla_automations_mailautomation_template_attachments|id:bigint, mailautomation_id:bigint, horillamailtemplate_id:bigint
horilla_backup_googledrivebackup|id:bigint, service_account_file:character varying, gdrive_folder_id:character varying, backup_media:boolean, backup_db:boolean, interval:boolean, fixed:boolean, seconds:integer, hour:integer, minute:integer, active:boolean
horilla_backup_localbackup|id:bigint, backup_path:character varying, backup_media:boolean, backup_db:boolean, interval:boolean, fixed:boolean, seconds:integer, hour:integer, minute:integer, active:boolean
horilla_documents_document|id:bigint, created_at:timestamp with time zone, is_active:boolean, title:character varying, document:character varying, status:character varying, reject_reason:text, issue_date:date, expiry_date:date, notify_before:integer, is_digital_asset:boolean, created_by_id:integer, document_request_id_id:bigint, employee_id_id:bigint, modified_by_id:integer
horilla_documents_documentrequest|id:bigint, created_at:timestamp with time zone, is_active:boolean, title:character varying, format:character varying, max_size:integer, description:text, created_by_id:integer, modified_by_id:integer
horilla_documents_documentrequest_employee_id|id:bigint, documentrequest_id:bigint, employee_id:bigint
horilla_views_activegroup|id:bigint, created_at:timestamp with time zone, is_active:boolean, path:character varying, group_target:character varying, group_by_field:character varying, created_by_id:integer, modified_by_id:integer
horilla_views_activetab|id:bigint, created_at:timestamp with time zone, is_active:boolean, path:character varying, tab_target:character varying, created_by_id:integer, modified_by_id:integer
horilla_views_activeview|id:bigint, created_at:timestamp with time zone, is_active:boolean, path:character varying, type:character varying, created_by_id:integer, modified_by_id:integer
horilla_views_savedfilter|id:bigint, created_at:timestamp with time zone, is_active:boolean, title:character varying, color:character varying, is_default:boolean, filter:text, urlencode:text, path:character varying, referrer:character varying, created_by_id:integer, modified_by_id:integer
horilla_views_togglecolumn|id:bigint, created_at:timestamp with time zone, is_active:boolean, path:character varying, excluded_columns:jsonb, created_by_id:integer, modified_by_id:integer, user_id_id:integer
leave_availableleave|id:bigint, created_at:timestamp with time zone, is_active:boolean, available_days:double precision, carryforward_days:double precision, total_leave_days:double precision, assigned_date:date, reset_date:date, expired_date:date, created_by_id:integer, employee_id_id:bigint, leave_type_id_id:bigint, modified_by_id:integer
leave_companyleave|id:bigint, created_at:timestamp with time zone, is_active:boolean, based_on_week:character varying, based_on_week_day:character varying, company_id_id:bigint, created_by_id:integer, modified_by_id:integer
leave_compensatoryleaverequest|id:bigint, created_at:timestamp with time zone, is_active:boolean, requested_days:double precision, requested_date:date, description:text, status:character varying, reject_reason:text, created_by_id:integer, employee_id_id:bigint, leave_type_id_id:bigint, modified_by_id:integer
leave_compensatoryleaverequest_attendance_id|id:bigint, compensatoryleaverequest_id:bigint, attendance_id:bigint
leave_compensatoryleaverequestcomment|id:bigint, created_at:timestamp with time zone, is_active:boolean, comment:text, created_by_id:integer, employee_id_id:bigint, modified_by_id:integer, request_id_id:bigint
leave_compensatoryleaverequestcomment_files|id:bigint, compensatoryleaverequestcomment_id:bigint, leaverequestfile_id:bigint
leave_employeepastleaverestrict|id:bigint, created_at:timestamp with time zone, is_active:boolean, enabled:boolean, created_by_id:integer, modified_by_id:integer
leave_historicalavailableleave|id:bigint, created_at:timestamp with time zone, is_active:boolean, history_title:character varying, history_description:text, history_highlight:boolean, available_days:double precision, carryforward_days:double precision, total_leave_days:double precision, assigned_date:date, reset_date:date, expired_date:date, history_id:integer, history_date:timestamp with time zone, history_change_reason:character varying, history_type:character varying, created_by_id:integer, employee_id_id:bigint, history_relation_id:bigint, history_user_id:integer, leave_type_id_id:bigint, modified_by_id:integer
leave_historicalavailableleave_history_tags|id:bigint, historicalavailableleave_id:integer, audittag_id:bigint
leave_historicalcompensatoryleaverequest|id:bigint, created_at:timestamp with time zone, is_active:boolean, history_title:character varying, history_description:text, history_highlight:boolean, requested_days:double precision, requested_date:date, description:text, status:character varying, reject_reason:text, history_id:integer, history_date:timestamp with time zone, history_change_reason:character varying, history_type:character varying, created_by_id:integer, employee_id_id:bigint, history_relation_id:bigint, history_user_id:integer, leave_type_id_id:bigint, modified_by_id:integer
leave_historicalcompensatoryleaverequest_history_tags|id:bigint, historicalcompensatoryleaverequest_id:integer, audittag_id:bigint
leave_historicalleaveallocationrequest|id:bigint, created_at:timestamp with time zone, is_active:boolean, history_title:character varying, history_description:text, history_highlight:boolean, requested_days:double precision, requested_date:date, description:text, attachment:text, status:character varying, reject_reason:text, history_id:integer, history_date:timestamp with time zone, history_change_reason:character varying, history_type:character varying, created_by_id:integer, employee_id_id:bigint, history_relation_id:bigint, history_user_id:integer, leave_type_id_id:bigint, modified_by_id:integer
leave_historicalleaveallocationrequest_history_tags|id:bigint, historicalleaveallocationrequest_id:integer, audittag_id:bigint
leave_historicalleaverequest|id:bigint, created_at:timestamp with time zone, is_active:boolean, history_title:character varying, history_description:text, history_highlight:boolean, start_date:date, start_date_breakdown:character varying, end_date:date, end_date_breakdown:character varying, requested_days:double precision, leave_clashes_count:integer, description:text, attachment:text, status:character varying, requested_date:date, approved_available_days:double precision, approved_carryforward_days:double precision, reject_reason:text, history_id:integer, history_date:timestamp with time zone, history_change_reason:character varying, history_type:character varying, created_by_id:bigint, employee_id_id:bigint, history_relation_id:bigint, history_user_id:integer, leave_type_id_id:bigint, modified_by_id:integer
leave_historicalleaverequest_history_tags|id:bigint, historicalleaverequest_id:integer, audittag_id:bigint
leave_holiday|id:bigint, created_at:timestamp with time zone, is_active:boolean, name:character varying, start_date:date, end_date:date, recurring:boolean, company_id_id:bigint, created_by_id:integer, modified_by_id:integer
leave_leaveallocationrequest|id:bigint, created_at:timestamp with time zone, is_active:boolean, requested_days:double precision, requested_date:date, description:text, attachment:character varying, status:character varying, reject_reason:text, created_by_id:integer, employee_id_id:bigint, leave_type_id_id:bigint, modified_by_id:integer
leave_leaveallocationrequestcomment|id:bigint, created_at:timestamp with time zone, is_active:boolean, comment:text, created_by_id:integer, employee_id_id:bigint, modified_by_id:integer, request_id_id:bigint
leave_leaveallocationrequestcomment_files|id:bigint, leaveallocationrequestcomment_id:bigint, leaverequestfile_id:bigint
leave_leavegeneralsetting|id:bigint, created_at:timestamp with time zone, is_active:boolean, compensatory_leave:boolean, company_id_id:bigint, created_by_id:integer, modified_by_id:integer
leave_leaverequest|id:bigint, created_at:timestamp with time zone, is_active:boolean, start_date:date, start_date_breakdown:character varying, end_date:date, end_date_breakdown:character varying, requested_days:double precision, leave_clashes_count:integer, description:text, attachment:character varying, status:character varying, requested_date:date, approved_available_days:double precision, approved_carryforward_days:double precision, reject_reason:text, created_by_id:bigint, employee_id_id:bigint, leave_type_id_id:bigint, modified_by_id:integer
leave_leaverequestcomment|id:bigint, created_at:timestamp with time zone, is_active:boolean, comment:text, created_by_id:integer, employee_id_id:bigint, modified_by_id:integer, request_id_id:bigint
leave_leaverequestcomment_files|id:bigint, leaverequestcomment_id:bigint, leaverequestfile_id:bigint
leave_leaverequestconditionapproval|id:bigint, sequence:integer, is_approved:boolean, is_rejected:boolean, leave_request_id_id:bigint, manager_id_id:bigint
leave_leaverequestfile|id:bigint, file:character varying
leave_leavetype|id:bigint, created_at:timestamp with time zone, is_active:boolean, icon:character varying, name:character varying, color:character varying, payment:character varying, count:double precision, period_in:character varying, limit_leave:boolean, total_days:double precision, reset:boolean, is_encashable:boolean, reset_based:character varying, reset_month:character varying, reset_day:character varying, reset_weekend:character varying, carryforward_type:character varying, carryforward_max:double precision, carryforward_expire_in:integer, carryforward_expire_period:character varying, carryforward_expire_date:date, require_approval:character varying, require_attachment:character varying, exclude_company_leave:character varying, exclude_holiday:character varying, is_compensatory_leave:boolean, company_id_id:bigint, created_by_id:integer, modified_by_id:integer
leave_overrideleaverequests|leaverequest_ptr_id:bigint
leave_restrictleave|id:bigint, created_at:timestamp with time zone, is_active:boolean, title:character varying, start_date:date, end_date:date, include_all:boolean, description:text, company_id_id:bigint, created_by_id:integer, department_id:bigint, modified_by_id:integer
leave_restrictleave_exclued_leave_types|id:bigint, restrictleave_id:bigint, leavetype_id:bigint
leave_restrictleave_job_position|id:bigint, restrictleave_id:bigint, jobposition_id:bigint
leave_restrictleave_spesific_leave_types|id:bigint, restrictleave_id:bigint, leavetype_id:bigint
notifications_notification|id:integer, level:character varying, unread:boolean, actor_object_id:character varying, verb:character varying, description:text, target_object_id:character varying, action_object_object_id:character varying, timestamp:timestamp with time zone, public:boolean, deleted:boolean, emailed:boolean, data:jsonb, verb_en:character varying, verb_ar:character varying, verb_de:character varying, verb_es:character varying, verb_fr:character varying, action_object_content_type_id:integer, actor_content_type_id:integer, recipient_id:integer, target_content_type_id:integer
offboarding_employeetask|id:bigint, created_at:timestamp with time zone, is_active:boolean, status:character varying, description:text, created_by_id:integer, employee_id_id:bigint, modified_by_id:integer, task_id_id:bigint
offboarding_exitreason|id:bigint, created_at:timestamp with time zone, is_active:boolean, title:character varying, description:text, created_by_id:integer, modified_by_id:integer, offboarding_employee_id_id:bigint
offboarding_exitreason_attachments|id:bigint, exitreason_id:bigint, offboardingstagemultiplefile_id:bigint
offboarding_historicalemployeetask|id:bigint, created_at:timestamp with time zone, is_active:boolean, history_title:character varying, history_description:text, history_highlight:boolean, status:character varying, description:text, history_id:integer, history_date:timestamp with time zone, history_change_reason:character varying, history_type:character varying, created_by_id:integer, employee_id_id:bigint, history_relation_id:bigint, history_user_id:integer, modified_by_id:integer, task_id_id:bigint
offboarding_historicalemployeetask_history_tags|id:bigint, historicalemployeetask_id:integer, audittag_id:bigint
offboarding_offboarding|id:bigint, created_at:timestamp with time zone, is_active:boolean, title:character varying, description:text, status:character varying, company_id_id:bigint, created_by_id:integer, modified_by_id:integer
offboarding_offboarding_managers|id:bigint, offboarding_id:bigint, employee_id:bigint
offboarding_offboardingemployee|id:bigint, created_at:timestamp with time zone, is_active:boolean, notice_period:integer, unit:character varying, notice_period_starts:date, notice_period_ends:date, created_by_id:integer, employee_id_id:bigint, modified_by_id:integer, stage_id_id:bigint
offboarding_offboardinggeneralsetting|id:bigint, created_at:timestamp with time zone, is_active:boolean, resignation_request:boolean, company_id_id:bigint, created_by_id:integer, modified_by_id:integer
offboarding_offboardingnote|id:bigint, created_at:timestamp with time zone, is_active:boolean, description:text, created_by_id:integer, employee_id_id:bigint, modified_by_id:integer, note_by_id:bigint, stage_id_id:bigint
offboarding_offboardingnote_attachments|id:bigint, offboardingnote_id:bigint, offboardingstagemultiplefile_id:bigint
offboarding_offboardingstage|id:bigint, created_at:timestamp with time zone, is_active:boolean, title:character varying, type:character varying, sequence:integer, created_by_id:integer, modified_by_id:integer, offboarding_id_id:bigint
offboarding_offboardingstage_managers|id:bigint, offboardingstage_id:bigint, employee_id:bigint
offboarding_offboardingstagemultiplefile|id:bigint, created_at:timestamp with time zone, is_active:boolean, attachment:character varying, created_by_id:integer, modified_by_id:integer
offboarding_offboardingtask|id:bigint, created_at:timestamp with time zone, is_active:boolean, title:character varying, created_by_id:integer, modified_by_id:integer, stage_id_id:bigint
offboarding_offboardingtask_managers|id:bigint, offboardingtask_id:bigint, employee_id:bigint
offboarding_resignationletter|id:bigint, created_at:timestamp with time zone, is_active:boolean, title:character varying, description:text, planned_to_leave_on:date, status:character varying, created_by_id:integer, employee_id_id:bigint, modified_by_id:integer, offboarding_employee_id_id:bigint
onboarding_candidatestage|id:bigint, created_at:timestamp with time zone, is_active:boolean, onboarding_end_date:date, sequence:integer, candidate_id_id:bigint, created_by_id:integer, modified_by_id:integer, onboarding_stage_id_id:bigint
onboarding_candidatetask|id:bigint, created_at:timestamp with time zone, is_active:boolean, status:character varying, candidate_id_id:bigint, created_by_id:integer, modified_by_id:integer, onboarding_task_id_id:bigint, stage_id_id:bigint
onboarding_historicalcandidatetask|id:bigint, created_at:timestamp with time zone, is_active:boolean, history_title:character varying, history_description:text, history_highlight:boolean, status:character varying, history_id:integer, history_date:timestamp with time zone, history_change_reason:character varying, history_type:character varying, candidate_id_id:bigint, created_by_id:integer, history_relation_id:bigint, history_user_id:integer, modified_by_id:integer, onboarding_task_id_id:bigint, stage_id_id:bigint
onboarding_historicalcandidatetask_history_tags|id:bigint, historicalcandidatetask_id:integer, audittag_id:bigint
onboarding_onboardingportal|id:bigint, created_at:timestamp with time zone, is_active:boolean, token:character varying, used:boolean, count:integer, profile:character varying, candidate_id_id:bigint, created_by_id:integer, modified_by_id:integer
onboarding_onboardingstage|id:bigint, created_at:timestamp with time zone, is_active:boolean, stage_title:character varying, sequence:integer, is_final_stage:boolean, created_by_id:integer, modified_by_id:integer, recruitment_id_id:bigint
onboarding_onboardingstage_employee_id|id:bigint, onboardingstage_id:bigint, employee_id:bigint
onboarding_onboardingtask|id:bigint, created_at:timestamp with time zone, is_active:boolean, task_title:character varying, created_by_id:integer, modified_by_id:integer, stage_id_id:bigint
onboarding_onboardingtask_candidates|id:bigint, onboardingtask_id:bigint, candidate_id:bigint
onboarding_onboardingtask_employee_id|id:bigint, onboardingtask_id:bigint, employee_id:bigint
payroll_allowance|id:bigint, created_at:timestamp with time zone, is_active:boolean, title:character varying, one_time_date:date, include_active_employees:boolean, is_taxable:boolean, is_condition_based:boolean, field:character varying, condition:character varying, value:character varying, is_fixed:boolean, amount:double precision, based_on:character varying, rate:double precision, per_attendance_fixed_amount:double precision, per_children_fixed_amount:double precision, shift_per_attendance_amount:double precision, amount_per_one_hr:double precision, work_type_per_attendance_amount:double precision, has_max_limit:boolean, maximum_amount:double precision, maximum_unit:character varying, if_choice:character varying, if_condition:character varying, if_amount:double precision, start_range:double precision, end_range:double precision, only_show_under_employee:boolean, is_loan:boolean, company_id_id:bigint, created_by_id:integer, modified_by_id:integer, shift_id_id:bigint, work_type_id_id:bigint
payroll_allowance_exclude_employees|id:bigint, allowance_id:bigint, employee_id:bigint
payroll_allowance_other_conditions|id:bigint, allowance_id:bigint, multiplecondition_id:bigint
payroll_allowance_specific_employees|id:bigint, allowance_id:bigint, employee_id:bigint
payroll_contract|id:bigint, created_at:timestamp with time zone, is_active:boolean, contract_name:character varying, contract_start_date:date, contract_end_date:date, wage_type:character varying, pay_frequency:character varying, wage:double precision, contract_status:character varying, notice_period_in_days:integer, contract_document:character varying, deduct_leave_from_basic_pay:boolean, calculate_daily_leave_amount:boolean, deduction_for_one_leave_amount:double precision, note:text, created_by_id:integer, department_id:bigint, employee_id_id:bigint, filing_status_id:bigint, job_position_id:bigint, job_role_id:bigint, modified_by_id:integer, shift_id:bigint, work_type_id:bigint
payroll_deduction|id:bigint, created_at:timestamp with time zone, is_active:boolean, title:character varying, one_time_date:date, include_active_employees:boolean, is_tax:boolean, is_pretax:boolean, is_condition_based:boolean, field:character varying, condition:character varying, value:character varying, update_compensation:character varying, is_fixed:boolean, amount:double precision, based_on:character varying, rate:double precision, employer_rate:double precision, has_max_limit:boolean, maximum_amount:double precision, maximum_unit:character varying, if_choice:character varying, if_condition:character varying, if_amount:double precision, start_range:double precision, end_range:double precision, only_show_under_employee:boolean, is_installment:boolean, company_id_id:bigint, created_by_id:integer, modified_by_id:integer
payroll_deduction_exclude_employees|id:bigint, deduction_id:bigint, employee_id:bigint
payroll_deduction_other_conditions|id:bigint, deduction_id:bigint, multiplecondition_id:bigint
payroll_deduction_specific_employees|id:bigint, deduction_id:bigint, employee_id:bigint
payroll_encashmentgeneralsettings|id:bigint, bonus_amount:integer, leave_amount:integer
payroll_filingstatus|id:bigint, created_at:timestamp with time zone, is_active:boolean, filing_status:character varying, based_on:character varying, use_py:boolean, python_code:text, description:text, company_id_id:bigint, created_by_id:integer, modified_by_id:integer
payroll_historicalcontract|id:bigint, created_at:timestamp with time zone, is_active:boolean, history_title:character varying, history_description:text, history_highlight:boolean, contract_name:character varying, contract_start_date:date, contract_end_date:date, wage_type:character varying, pay_frequency:character varying, wage:double precision, contract_status:character varying, notice_period_in_days:integer, contract_document:text, deduct_leave_from_basic_pay:boolean, calculate_daily_leave_amount:boolean, deduction_for_one_leave_amount:double precision, note:text, history_id:integer, history_date:timestamp with time zone, history_change_reason:character varying, history_type:character varying, created_by_id:integer, department_id:bigint, employee_id_id:bigint, filing_status_id:bigint, history_relation_id:bigint, history_user_id:integer, job_position_id:bigint, job_role_id:bigint, modified_by_id:integer, shift_id:bigint, work_type_id:bigint
payroll_historicalcontract_history_tags|id:bigint, historicalcontract_id:integer, audittag_id:bigint
payroll_historicalpayslip|id:bigint, created_at:timestamp with time zone, is_active:boolean, history_title:character varying, history_description:text, history_highlight:boolean, group_name:character varying, reference:character varying, start_date:date, end_date:date, pay_head_data:jsonb, contract_wage:double precision, basic_pay:double precision, gross_pay:double precision, deduction:double precision, net_pay:double precision, status:character varying, sent_to_employee:boolean, history_id:integer, history_date:timestamp with time zone, history_change_reason:character varying, history_type:character varying, created_by_id:integer, employee_id_id:bigint, history_relation_id:bigint, history_user_id:integer, modified_by_id:integer
payroll_historicalpayslip_history_tags|id:bigint, historicalpayslip_id:integer, audittag_id:bigint
payroll_loanaccount|id:bigint, created_at:timestamp with time zone, is_active:boolean, type:character varying, title:character varying, loan_amount:double precision, provided_date:date, description:text, is_fixed:boolean, rate:double precision, installment_amount:double precision, installments:integer, installment_start_date:date, apply_on:character varying, settled:boolean, settled_date:timestamp with time zone, allowance_id_id:bigint, asset_id_id:bigint, created_by_id:integer, employee_id_id:bigint, modified_by_id:integer
payroll_loanaccount_deduction_ids|id:bigint, loanaccount_id:bigint, deduction_id:bigint
payroll_multiplecondition|id:bigint, field:character varying, condition:character varying, value:character varying
payroll_overrideattendance|attendance_ptr_id:bigint
payroll_overrideleaverequest|leaverequest_ptr_id:bigint
payroll_payrollgeneralsetting|id:bigint, notice_period:integer, company_id_id:bigint
payroll_payrollsettings|id:bigint, created_at:timestamp with time zone, is_active:boolean, currency_symbol:character varying, position:character varying, company_id_id:bigint, created_by_id:integer, modified_by_id:integer
payroll_payslip|id:bigint, created_at:timestamp with time zone, is_active:boolean, group_name:character varying, reference:character varying, start_date:date, end_date:date, pay_head_data:jsonb, contract_wage:double precision, basic_pay:double precision, gross_pay:double precision, deduction:double precision, net_pay:double precision, status:character varying, sent_to_employee:boolean, created_by_id:integer, employee_id_id:bigint, modified_by_id:integer
payroll_payslip_installment_ids|id:bigint, payslip_id:bigint, deduction_id:bigint
payroll_payslipautogenerate|id:bigint, generate_day:character varying, auto_generate:boolean, company_id_id:bigint
payroll_reimbursement|id:bigint, created_at:timestamp with time zone, is_active:boolean, title:character varying, type:character varying, allowance_on:date, attachment:character varying, ad_to_encash:double precision, cfd_to_encash:double precision, bonus_to_encash:integer, amount:double precision, status:character varying, description:text, allowance_id_id:bigint, approved_by_id:bigint, created_by_id:integer, employee_id_id:bigint, leave_type_id_id:bigint, modified_by_id:integer
payroll_reimbursement_other_attachments|id:bigint, reimbursement_id:bigint, reimbursementmultipleattachment_id:bigint
payroll_reimbursementfile|id:bigint, file:character varying
payroll_reimbursementmultipleattachment|id:bigint, attachment:character varying
payroll_reimbursementrequestcomment|id:bigint, is_active:boolean, comment:text, created_at:timestamp with time zone, created_by_id:integer, employee_id_id:bigint, modified_by_id:integer, request_id_id:bigint
payroll_reimbursementrequestcomment_files|id:bigint, reimbursementrequestcomment_id:bigint, reimbursementfile_id:bigint
payroll_taxbracket|id:bigint, created_at:timestamp with time zone, is_active:boolean, min_income:double precision, max_income:double precision, tax_rate:double precision, created_by_id:integer, filing_status_id_id:bigint, modified_by_id:integer
payroll_workrecord|id:bigint, record_name:character varying, work_record_type:character varying, date:date, at_work:character varying, min_hour:character varying, at_work_second:integer, min_hour_second:integer, note:text, message:character varying, is_attendance_record:boolean, is_leave_record:boolean, day_percentage:double precision, last_update:timestamp with time zone, employee_id_id:bigint
pms_anonymousfeedback|id:bigint, feedback_subject:character varying, based_on:character varying, status:character varying, created_at:date, archive:boolean, anonymous_feedback_id:character varying, feedback_description:text, department_id_id:bigint, employee_id_id:bigint, job_position_id_id:bigint
pms_answer|id:bigint, answer:jsonb, employee_id_id:bigint, feedback_id_id:bigint, question_id_id:bigint
pms_bonuspointsetting|id:bigint, model:character varying, applicable_for:character varying, bonus_for:character varying, field_1:character varying, conditions:character varying, field_2:character varying, points:integer, is_active:boolean
pms_comment|id:bigint, comment:character varying, created_at:timestamp with time zone, employee_id_id:bigint, employee_objective_id_id:bigint
pms_employeebonuspoint|id:bigint, created_at:timestamp with time zone, is_active:boolean, bonus_point:integer, instance:character varying, based_on:character varying, bonus_point_id_id:bigint, created_by_id:integer, employee_id_id:bigint, modified_by_id:integer
pms_employeekeyresult|id:bigint, key_result:character varying, key_result_description:text, progress_type:character varying, status:character varying, created_at:date, updated_at:date, start_value:integer, current_value:integer, target_value:integer, start_date:date, end_date:date, progress_percentage:integer, employee_objective_id_id:bigint, key_result_id_id:bigint
pms_employeeobjective|id:bigint, is_active:boolean, objective:character varying, objective_description:text, created_at:date, updated_at:date, start_date:date, end_date:date, status:character varying, progress_percentage:integer, archive:boolean, created_by_id:integer, employee_id_id:bigint, modified_by_id:integer, objective_id_id:bigint
pms_employeeobjective_key_result_id|id:bigint, employeeobjective_id:bigint, keyresult_id:bigint
pms_feedback|id:bigint, created_at:timestamp with time zone, is_active:boolean, review_cycle:character varying, status:character varying, archive:boolean, start_date:date, end_date:date, cyclic_feedback:boolean, cyclic_feedback_days_count:integer, cyclic_feedback_period:character varying, cyclic_next_start_date:date, cyclic_next_end_date:date, created_by_id:integer, employee_id_id:bigint, manager_id_id:bigint, modified_by_id:integer, question_template_id_id:bigint
pms_feedback_colleague_id|id:bigint, feedback_id:bigint, employee_id:bigint
pms_feedback_employee_key_results_id|id:bigint, feedback_id:bigint, employeekeyresult_id:bigint
pms_feedback_others_id|id:bigint, feedback_id:bigint, employee_id:bigint
pms_feedback_subordinate_id|id:bigint, feedback_id:bigint, employee_id:bigint
pms_historicalcomment|id:bigint, history_title:character varying, history_description:text, history_highlight:boolean, created_at:timestamp with time zone, history_id:integer, history_date:timestamp with time zone, history_change_reason:character varying, history_type:character varying, employee_id_id:bigint, employee_objective_id_id:bigint, history_user_id:integer
pms_historicalcomment_history_tags|id:bigint, historicalcomment_id:integer, audittag_id:bigint
pms_historicalemployeekeyresult|id:bigint, history_title:character varying, history_description:text, history_highlight:boolean, key_result:character varying, key_result_description:text, progress_type:character varying, status:character varying, created_at:date, updated_at:date, start_value:integer, current_value:integer, target_value:integer, start_date:date, end_date:date, progress_percentage:integer, history_id:integer, history_date:timestamp with time zone, history_change_reason:character varying, history_type:character varying, employee_objective_id_id:bigint, history_user_id:integer, key_result_id_id:bigint
pms_historicalemployeekeyresult_history_tags|id:bigint, historicalemployeekeyresult_id:integer, audittag_id:bigint
pms_historicalemployeeobjective|id:bigint, is_active:boolean, history_title:character varying, history_description:text, history_highlight:boolean, objective:character varying, objective_description:text, created_at:date, updated_at:date, start_date:date, end_date:date, status:character varying, progress_percentage:integer, archive:boolean, history_id:integer, history_date:timestamp with time zone, history_change_reason:character varying, history_type:character varying, created_by_id:integer, employee_id_id:bigint, history_relation_id:bigint, history_user_id:integer, modified_by_id:integer, objective_id_id:bigint
pms_historicalemployeeobjective_history_tags|id:bigint, historicalemployeeobjective_id:integer, audittag_id:bigint
pms_historicalkeyresult|id:bigint, created_at:timestamp with time zone, is_active:boolean, history_title:character varying, history_description:text, history_highlight:boolean, title:character varying, description:text, progress_type:character varying, target_value:integer, duration:integer, archive:boolean, history_id:integer, history_date:timestamp with time zone, history_change_reason:character varying, history_type:character varying, company_id_id:bigint, created_by_id:integer, history_user_id:integer, modified_by_id:integer
pms_historicalkeyresult_history_tags|id:bigint, historicalkeyresult_id:integer, audittag_id:bigint
pms_historicalobjective|id:bigint, created_at:timestamp with time zone, is_active:boolean, history_title:character varying, history_description:text, history_highlight:boolean, title:character varying, description:text, duration_unit:character varying, duration:integer, add_assignees:boolean, archive:boolean, self_employee_progress_update:boolean, history_id:integer, history_date:timestamp with time zone, history_change_reason:character varying, history_type:character varying, company_id_id:bigint, created_by_id:integer, history_user_id:integer, modified_by_id:integer
pms_historicalobjective_history_tags|id:bigint, historicalobjective_id:integer, audittag_id:bigint
pms_keyresult|id:bigint, created_at:timestamp with time zone, is_active:boolean, title:character varying, description:text, progress_type:character varying, target_value:integer, duration:integer, archive:boolean, company_id_id:bigint, created_by_id:integer, modified_by_id:integer
pms_keyresultfeedback|id:bigint, answer:jsonb, employee_id_id:bigint, feedback_id_id:bigint, key_result_id_id:bigint
pms_meetings|id:bigint, created_at:timestamp with time zone, is_active:boolean, title:character varying, date:timestamp with time zone, response:text, show_response:boolean, created_by_id:integer, modified_by_id:integer, question_template_id:bigint
pms_meetings_answer_employees|id:bigint, meetings_id:bigint, employee_id:bigint
pms_meetings_employee_id|id:bigint, meetings_id:bigint, employee_id:bigint
pms_meetings_manager|id:bigint, meetings_id:bigint, employee_id:bigint
pms_meetingsanswer|id:bigint, answer:jsonb, employee_id_id:bigint, meeting_id_id:bigint, question_id_id:bigint
pms_objective|id:bigint, created_at:timestamp with time zone, is_active:boolean, title:character varying, description:text, duration_unit:character varying, duration:integer, add_assignees:boolean, archive:boolean, self_employee_progress_update:boolean, company_id_id:bigint, created_by_id:integer, modified_by_id:integer
pms_objective_assignees|id:bigint, objective_id:bigint, employee_id:bigint
pms_objective_key_result_id|id:bigint, objective_id:bigint, keyresult_id:bigint
pms_objective_managers|id:bigint, objective_id:bigint, employee_id:bigint
pms_period|id:bigint, created_at:timestamp with time zone, is_active:boolean, period_name:character varying, start_date:date, end_date:date, created_by_id:integer, modified_by_id:integer
pms_period_company_id|id:bigint, period_id:bigint, company_id:bigint
pms_question|id:bigint, created_at:timestamp with time zone, is_active:boolean, question:character varying, question_type:character varying, created_by_id:integer, modified_by_id:integer, template_id_id:bigint
pms_questionoptions|id:bigint, created_at:timestamp with time zone, is_active:boolean, option_a:character varying, option_b:character varying, option_c:character varying, option_d:character varying, created_by_id:integer, modified_by_id:integer, question_id_id:bigint
pms_questiontemplate|id:bigint, created_at:timestamp with time zone, is_active:boolean, question_template:character varying, created_by_id:integer, modified_by_id:integer
pms_questiontemplate_company_id|id:bigint, questiontemplate_id:bigint, company_id:bigint
project_project|id:bigint, created_at:timestamp with time zone, is_active:boolean, title:character varying, status:character varying, start_date:date, end_date:date, document:character varying, description:text, created_by_id:integer, modified_by_id:integer
project_project_managers|id:bigint, project_id:bigint, employee_id:bigint
project_project_members|id:bigint, project_id:bigint, employee_id:bigint
project_projectstage|id:bigint, created_at:timestamp with time zone, is_active:boolean, title:character varying, sequence:integer, is_end_stage:boolean, created_by_id:integer, modified_by_id:integer, project_id:bigint
project_task|id:bigint, created_at:timestamp with time zone, is_active:boolean, title:character varying, status:character varying, start_date:date, end_date:date, document:character varying, description:text, sequence:integer, created_by_id:integer, modified_by_id:integer, project_id:bigint, stage_id:bigint
project_task_task_managers|id:bigint, task_id:bigint, employee_id:bigint
project_task_task_members|id:bigint, task_id:bigint, employee_id:bigint
project_timesheet|id:bigint, created_at:timestamp with time zone, is_active:boolean, date:date, time_spent:character varying, status:character varying, description:text, created_by_id:integer, employee_id_id:bigint, modified_by_id:integer, project_id_id:bigint, task_id_id:bigint
recruitment_candidate|id:bigint, created_at:timestamp with time zone, is_active:boolean, name:character varying, profile:character varying, portfolio:character varying, schedule_date:timestamp with time zone, email:character varying, mobile:character varying, resume:character varying, address:text, country:character varying, dob:date, state:character varying, city:character varying, zip:character varying, gender:character varying, source:character varying, start_onboard:boolean, hired:boolean, canceled:boolean, converted:boolean, joining_date:date, sequence:integer, probation_end:date, offer_letter_status:character varying, last_updated:date, hired_date:date, converted_employee_id_id:bigint, created_by_id:integer, job_position_id_id:bigint, modified_by_id:integer, recruitment_id_id:bigint, referral_id:bigint, stage_id_id:bigint
recruitment_candidatedocument|id:bigint, created_at:timestamp with time zone, is_active:boolean, title:character varying, document:character varying, status:character varying, reject_reason:text, candidate_id_id:bigint, created_by_id:integer, document_request_id_id:bigint, modified_by_id:integer
recruitment_candidatedocumentrequest|id:bigint, created_at:timestamp with time zone, is_active:boolean, title:character varying, format:character varying, max_size:integer, description:text, created_by_id:integer, modified_by_id:integer
recruitment_candidatedocumentrequest_candidate_id|id:bigint, candidatedocumentrequest_id:bigint, candidate_id:bigint
recruitment_candidaterating|id:bigint, created_at:timestamp with time zone, is_active:boolean, rating:integer, candidate_id_id:bigint, created_by_id:integer, employee_id_id:bigint, modified_by_id:integer
recruitment_historicalcandidate|id:bigint, created_at:timestamp with time zone, is_active:boolean, history_title:character varying, history_description:text, history_highlight:boolean, name:character varying, profile:text, portfolio:character varying, schedule_date:timestamp with time zone, email:character varying, mobile:character varying, resume:text, address:text, country:character varying, dob:date, state:character varying, city:character varying, zip:character varying, gender:character varying, source:character varying, start_onboard:boolean, hired:boolean, canceled:boolean, converted:boolean, joining_date:date, sequence:integer, probation_end:date, offer_letter_status:character varying, last_updated:date, hired_date:date, history_id:integer, history_date:timestamp with time zone, history_change_reason:character varying, history_type:character varying, converted_employee_id_id:bigint, created_by_id:integer, history_relation_id:bigint, history_user_id:integer, job_position_id_id:bigint, modified_by_id:integer, recruitment_id_id:bigint, referral_id:bigint, stage_id_id:bigint
recruitment_historicalcandidate_history_tags|id:bigint, historicalcandidate_id:integer, audittag_id:bigint
recruitment_historicalrejectedcandidate|id:bigint, created_at:timestamp with time zone, is_active:boolean, history_title:character varying, history_description:text, history_highlight:boolean, description:text, history_id:integer, history_date:timestamp with time zone, history_change_reason:character varying, history_type:character varying, candidate_id_id:bigint, created_by_id:integer, history_relation_id:bigint, history_user_id:integer, modified_by_id:integer
recruitment_historicalrejectedcandidate_history_tags|id:bigint, historicalrejectedcandidate_id:integer, audittag_id:bigint
recruitment_interviewschedule|id:bigint, created_at:timestamp with time zone, is_active:boolean, interview_date:date, interview_time:time without time zone, description:text, completed:boolean, candidate_id_id:bigint, created_by_id:integer, modified_by_id:integer
recruitment_interviewschedule_employee_id|id:bigint, interviewschedule_id:bigint, employee_id:bigint
recruitment_linkedinaccount|id:bigint, created_at:timestamp with time zone, is_active:boolean, username:character varying, email:character varying, api_token:character varying, sub_id:character varying, company_id_id:bigint, created_by_id:integer, modified_by_id:integer
recruitment_questionordering|id:bigint, created_at:timestamp with time zone, is_active:boolean, sequence:integer, created_by_id:integer, modified_by_id:integer, question_id_id:bigint, recruitment_id_id:bigint
recruitment_recruitment|id:bigint, created_at:timestamp with time zone, is_active:boolean, title:character varying, description:text, is_event_based:boolean, closed:boolean, is_published:boolean, vacancy:integer, start_date:date, end_date:date, linkedin_post_id:character varying, publish_in_linkedin:boolean, optional_profile_image:boolean, optional_resume:boolean, company_id_id:bigint, created_by_id:integer, job_position_id_id:bigint, linkedin_account_id_id:bigint, modified_by_id:integer
recruitment_recruitment_open_positions|id:bigint, recruitment_id:bigint, jobposition_id:bigint
recruitment_recruitment_recruitment_managers|id:bigint, recruitment_id:bigint, employee_id:bigint
recruitment_recruitment_skills|id:bigint, recruitment_id:bigint, skill_id:bigint
recruitment_recruitment_survey_templates|id:bigint, recruitment_id:bigint, surveytemplate_id:bigint
recruitment_recruitmentgeneralsetting|id:bigint, created_at:timestamp with time zone, is_active:boolean, candidate_self_tracking:boolean, show_overall_rating:boolean, company_id_id:bigint, created_by_id:integer, modified_by_id:integer
recruitment_recruitmentsurvey|id:bigint, created_at:timestamp with time zone, is_active:boolean, is_mandatory:boolean, question:text, sequence:integer, type:character varying, options:text, created_by_id:integer, modified_by_id:integer
recruitment_recruitmentsurvey_job_position_ids|id:bigint, recruitmentsurvey_id:bigint, jobposition_id:bigint
recruitment_recruitmentsurvey_recruitment_ids|id:bigint, recruitmentsurvey_id:bigint, recruitment_id:bigint
recruitment_recruitmentsurvey_template_id|id:bigint, recruitmentsurvey_id:bigint, surveytemplate_id:bigint
recruitment_recruitmentsurveyanswer|id:bigint, created_at:timestamp with time zone, is_active:boolean, answer_json:jsonb, attachment:character varying, candidate_id_id:bigint, created_by_id:integer, job_position_id_id:bigint, modified_by_id:integer, recruitment_id_id:bigint
recruitment_rejectedcandidate|id:bigint, created_at:timestamp with time zone, is_active:boolean, description:text, candidate_id_id:bigint, created_by_id:integer, modified_by_id:integer
recruitment_rejectedcandidate_reject_reason_id|id:bigint, rejectedcandidate_id:bigint, rejectreason_id:bigint
recruitment_rejectreason|id:bigint, created_at:timestamp with time zone, is_active:boolean, title:character varying, description:text, company_id_id:bigint, created_by_id:integer, modified_by_id:integer
recruitment_resume|id:bigint, file:character varying, is_candidate:boolean, recruitment_id_id:bigint
recruitment_skill|id:bigint, created_at:timestamp with time zone, is_active:boolean, title:character varying, created_by_id:integer, modified_by_id:integer
recruitment_skillzone|id:bigint, created_at:timestamp with time zone, is_active:boolean, title:character varying, description:text, company_id_id:bigint, created_by_id:integer, modified_by_id:integer
recruitment_skillzonecandidate|id:bigint, created_at:timestamp with time zone, is_active:boolean, reason:character varying, added_on:date, candidate_id_id:bigint, created_by_id:integer, modified_by_id:integer, skill_zone_id_id:bigint
recruitment_stage|id:bigint, created_at:timestamp with time zone, is_active:boolean, stage:character varying, stage_type:character varying, sequence:integer, created_by_id:integer, modified_by_id:integer, recruitment_id_id:bigint
recruitment_stage_stage_managers|id:bigint, stage_id:bigint, employee_id:bigint
recruitment_stagefiles|id:bigint, created_at:timestamp with time zone, is_active:boolean, files:character varying, created_by_id:integer, modified_by_id:integer
recruitment_stagenote|id:bigint, created_at:timestamp with time zone, is_active:boolean, description:text, candidate_can_view:boolean, candidate_id_id:bigint, created_by_id:integer, modified_by_id:integer, stage_id_id:bigint, updated_by_id:bigint
recruitment_stagenote_stage_files|id:bigint, stagenote_id:bigint, stagefiles_id:bigint
recruitment_surveytemplate|id:bigint, created_at:timestamp with time zone, is_active:boolean, title:character varying, description:text, is_general_template:boolean, company_id_id:bigint, created_by_id:integer, modified_by_id:integer
(341 rows)
